nCores,confId,dataSize,time
1,Sequential_m5.xlarge,1G,12.57
1,Sequential_m5.xlarge,1G,11.94
1,Sequential_m5.xlarge,10G,133.18
1,Sequential_m5.xlarge,10G,127.79
1,Sequential_m5.xlarge,20G,250.95
1,Sequential_m5.xlarge,20G,263.70
16,EMR_2x_m5.2xlarge,1G,101.41
16,EMR_2x_m5.2xlarge,1G,100.23
16,EMR_2x_m5.2xlarge,10G,732.35
16,EMR_2x_m5.2xlarge,10G,797.21
16,EMR_2x_m5.2xlarge,20G,1794.18
16,EMR_2x_m5.2xlarge,20G,1840.20
16,EMR_4x_m5.xlarge,1G,181.06
16,EMR_4x_m5.xlarge,1G,175.06
16,EMR_4x_m5.xlarge,10G,1417.53
16,EMR_4x_m5.xlarge,10G,1384.59
16,EMR_4x_m5.xlarge,20G,TIMEOUT
16,EMR_4x_m5.xlarge,20G,TIMEOUT
